timestamp,turbine_id,wind_speed,wind_direction,power_output
2022-03-01 01:00:00,1,11.6,152,4.4
2022-03-01 08:00:00,1,12.6,150,1.6
2022-03-01 23:00:00,1,13.0,52,4.4
2022-03-02 03:00:00,1,10.0,256,4.4
2022-03-02 07:00:00,1,13.8,187,4.5
2022-03-03 17:00:00,1,14.8,25,1.6
2022-03-03 21:00:00,1,12.5,232,4.4
2022-03-03 23:00:00,1,11.5,230,1.7
2022-03-04 01:00:00,1,14.1,34,1.7
2022-03-04 05:00:00,1,12.2,286,1.5
2022-03-04 08:00:00,1,11.7,277,1.5
2022-03-04 09:00:00,1,9.2,138,1.7
2022-03-04 13:00:00,1,10.9,188,1.5
2022-03-04 19:00:00,1,11.5,280,4.4
2022-03-05 21:00:00,1,14.0,347,1.6
2022-03-06 03:00:00,1,14.3,248,1.6
2022-03-06 04:00:00,1,10.4,180,4.4
2022-03-06 13:00:00,1,13.5,161,4.4
2022-03-06 15:00:00,1,12.5,180,1.7
2022-03-06 17:00:00,1,14.1,143,1.7
2022-03-06 19:00:00,1,14.4,153,1.5
2022-03-08 09:00:00,1,12.6,267,4.5
2022-03-08 14:00:00,1,14.2,217,4.5
2022-03-08 15:00:00,1,10.5,95,4.4
2022-03-08 21:00:00,1,13.8,192,1.7
2022-03-09 01:00:00,1,9.0,114,4.5
2022-03-09 03:00:00,1,12.4,51,1.6
2022-03-09 06:00:00,1,14.7,236,1.6
2022-03-09 07:00:00,1,12.3,1,4.4
2022-03-09 08:00:00,1,11.2,88,1.6
2022-03-09 10:00:00,1,10.1,292,1.5
2022-03-09 15:00:00,1,14.4,307,1.6
2022-03-10 00:00:00,1,11.5,345,1.7
2022-03-10 04:00:00,1,11.4,142,1.7
2022-03-10 13:00:00,1,12.8,120,1.7
2022-03-11 09:00:00,1,11.8,253,4.4
2022-03-11 10:00:00,1,12.7,182,1.6
2022-03-11 14:00:00,1,12.4,106,1.7
2022-03-11 17:00:00,1,14.5,356,1.5
2022-03-11 21:00:00,1,12.7,252,1.6
2022-03-12 00:00:00,1,11.2,129,1.7
2022-03-12 02:00:00,1,12.7,4,1.6
2022-03-12 06:00:00,1,11.5,215,1.6
2022-03-12 15:00:00,1,10.4,18,1.6
2022-03-12 20:00:00,1,10.3,214,1.6
2022-03-13 06:00:00,1,14.0,285,1.5
2022-03-13 08:00:00,1,10.5,19,4.4
2022-03-13 16:00:00,1,9.2,249,4.5
2022-03-13 19:00:00,1,13.5,357,4.4
2022-03-13 23:00:00,1,13.8,6,1.5
2022-03-14 09:00:00,1,9.9,153,1.6
2022-03-14 14:00:00,1,11.3,3,1.7
2022-03-14 20:00:00,1,12.3,85,1.6
2022-03-14 22:00:00,1,11.9,48,1.6
2022-03-15 04:00:00,1,12.0,27,1.6
2022-03-15 08:00:00,1,10.4,195,1.6
2022-03-15 09:00:00,1,9.6,286,4.4
2022-03-15 16:00:00,1,9.8,87,1.7
2022-03-16 10:00:00,1,14.3,309,4.4
2022-03-16 12:00:00,1,9.1,146,1.6
2022-03-17 10:00:00,1,11.0,265,4.4
2022-03-17 13:00:00,1,13.5,18,1.6
2022-03-17 15:00:00,1,14.7,285,4.4
2022-03-17 20:00:00,1,12.1,57,4.4
2022-03-18 08:00:00,1,14.8,2,1.6
2022-03-18 19:00:00,1,14.9,134,4.5
2022-03-18 23:00:00,1,10.1,172,4.4
2022-03-19 13:00:00,1,12.3,174,4.4
2022-03-19 23:00:00,1,12.3,104,4.5
2022-03-20 07:00:00,1,11.6,111,1.6
2022-03-20 16:00:00,1,14.2,335,1.6
2022-03-21 07:00:00,1,13.8,112,1.7
2022-03-21 18:00:00,1,11.8,124,4.4
2022-03-22 01:00:00,1,13.1,287,1.7
2022-03-22 18:00:00,1,14.4,50,1.6
2022-03-22 23:00:00,1,13.1,319,1.7
2022-03-23 02:00:00,1,14.5,233,4.4
2022-03-23 03:00:00,1,13.5,199,1.7
2022-03-23 11:00:00,1,10.5,323,4.4
2022-03-23 19:00:00,1,12.0,87,1.7
2022-03-24 19:00:00,1,11.6,61,1.6
2022-03-25 01:00:00,1,9.6,146,1.5
2022-03-25 09:00:00,1,11.1,225,4.4
2022-03-25 21:00:00,1,13.9,99,1.6
2022-03-25 23:00:00,1,13.9,228,4.4
2022-03-26 11:00:00,1,12.3,219,4.5
2022-03-26 16:00:00,1,9.4,295,1.7
2022-03-26 23:00:00,1,10.3,339,1.5
2022-03-27 09:00:00,1,9.9,336,4.4
2022-03-27 12:00:00,1,10.6,353,1.7
2022-03-28 00:00:00,1,12.2,201,1.7
2022-03-28 11:00:00,1,9.2,285,4.5
2022-03-28 16:00:00,1,14.3,208,1.6
2022-03-29 00:00:00,1,10.6,202,4.5
2022-03-29 09:00:00,1,9.0,278,1.5
2022-03-29 12:00:00,1,13.2,263,4.4
2022-03-29 18:00:00,1,9.1,263,4.5
2022-03-30 03:00:00,1,11.8,290,1.5
2022-03-30 05:00:00,1,10.0,209,1.6
2022-03-30 07:00:00,1,13.1,352,4.4
2022-03-30 08:00:00,1,11.2,5,4.4
2022-03-30 13:00:00,1,11.9,5,1.7
2022-03-30 19:00:00,1,10.8,318,4.4
2022-03-31 14:00:00,1,14.7,26,1.6
2022-03-01 08:00:00,2,10.1,224,4.4
2022-03-01 11:00:00,2,12.7,7,1.6
2022-03-01 20:00:00,2,14.8,89,1.6
2022-03-02 10:00:00,2,14.5,309,1.6
2022-03-03 02:00:00,2,9.1,174,4.4
2022-03-03 04:00:00,2,14.2,167,4.5
2022-03-03 05:00:00,2,10.9,168,1.5
2022-03-03 08:00:00,2,11.7,214,4.4
2022-03-03 14:00:00,2,12.4,14,4.4
2022-03-03 18:00:00,2,12.8,72,4.4
2022-03-03 19:00:00,2,12.6,54,1.6
2022-03-04 21:00:00,2,9.3,315,4.4
2022-03-05 05:00:00,2,10.4,164,1.6
2022-03-05 10:00:00,2,12.2,126,1.6
2022-03-05 15:00:00,2,14.3,117,4.5
2022-03-05 21:00:00,2,12.9,218,4.4
2022-03-06 19:00:00,2,13.2,294,4.3
2022-03-07 18:00:00,2,13.4,251,4.4
2022-03-08 00:00:00,2,10.8,152,1.6
2022-03-08 01:00:00,2,10.3,300,4.4
2022-03-08 05:00:00,2,11.6,251,4.4
2022-03-08 09:00:00,2,11.7,184,1.6
2022-03-09 10:00:00,2,10.5,42,4.4
2022-03-09 12:00:00,2,12.6,223,4.3
2022-03-09 14:00:00,2,9.6,351,1.5
2022-03-10 03:00:00,2,10.9,156,4.3
2022-03-10 10:00:00,2,11.5,97,4.5
2022-03-10 12:00:00,2,9.4,94,1.6
2022-03-11 00:00:00,2,12.2,191,1.6
2022-03-11 09:00:00,2,13.1,103,4.4
2022-03-12 10:00:00,2,9.8,46,1.6
2022-03-12 18:00:00,2,12.1,29,4.5
2022-03-12 21:00:00,2,10.1,207,4.5
2022-03-13 09:00:00,2,13.0,158,4.3
2022-03-14 01:00:00,2,13.5,212,1.6
2022-03-14 18:00:00,2,12.8,159,1.5
2022-03-15 01:00:00,2,9.6,206,1.5
2022-03-15 13:00:00,2,11.0,247,4.5
2022-03-16 14:00:00,2,10.0,121,4.3
2022-03-17 00:00:00,2,10.9,228,4.5
2022-03-17 05:00:00,2,9.3,76,4.4
2022-03-17 09:00:00,2,9.0,226,1.5
2022-03-17 12:00:00,2,11.1,62,1.6
2022-03-17 17:00:00,2,12.8,86,4.4
2022-03-17 21:00:00,2,9.4,279,1.6
2022-03-18 01:00:00,2,13.6,315,4.3
2022-03-18 09:00:00,2,11.5,142,1.5
2022-03-18 11:00:00,2,12.9,99,1.6
2022-03-18 16:00:00,2,9.8,163,1.6
2022-03-18 23:00:00,2,15.0,133,1.6
2022-03-19 02:00:00,2,14.3,321,4.4
2022-03-19 07:00:00,2,11.8,291,4.3
2022-03-19 10:00:00,2,11.8,216,1.5
2022-03-19 11:00:00,2,12.1,213,4.4
2022-03-19 17:00:00,2,12.2,33,1.5
2022-03-19 23:00:00,2,12.4,160,1.5
2022-03-20 08:00:00,2,13.4,179,4.5
2022-03-21 04:00:00,2,9.8,207,4.4
2022-03-21 10:00:00,2,14.9,328,4.4
2022-03-22 10:00:00,2,13.7,328,4.5
2022-03-22 22:00:00,2,14.3,188,1.6
2022-03-23 12:00:00,2,11.9,209,1.6
2022-03-23 13:00:00,2,11.1,13,1.5
2022-03-23 23:00:00,2,12.6,266,4.3
2022-03-24 04:00:00,2,13.2,19,1.6
2022-03-24 08:00:00,2,10.4,71,4.3
2022-03-24 10:00:00,2,10.0,106,4.4
2022-03-24 18:00:00,2,13.9,24,4.3
2022-03-25 00:00:00,2,13.9,315,4.3
2022-03-25 07:00:00,2,11.2,26,1.6
2022-03-26 00:00:00,2,10.4,256,1.5
2022-03-26 05:00:00,2,14.5,314,4.5
2022-03-26 07:00:00,2,12.9,184,1.6
2022-03-26 10:00:00,2,9.8,290,4.5
2022-03-27 02:00:00,2,9.5,94,4.4
2022-03-27 04:00:00,2,13.2,263,1.5
2022-03-27 08:00:00,2,11.4,30,1.6
2022-03-27 09:00:00,2,11.2,20,4.3
2022-03-27 14:00:00,2,10.0,200,4.3
2022-03-27 16:00:00,2,14.9,142,1.5
2022-03-27 22:00:00,2,12.6,112,4.4
2022-03-28 00:00:00,2,13.4,296,1.6
2022-03-28 05:00:00,2,10.3,319,4.4
2022-03-28 10:00:00,2,14.4,2,1.6
2022-03-28 11:00:00,2,9.6,234,4.5
2022-03-29 06:00:00,2,14.4,85,4.3
2022-03-29 15:00:00,2,14.3,313,1.5
2022-03-30 08:00:00,2,14.7,344,4.3
2022-03-30 14:00:00,2,9.4,106,4.4
2022-03-30 17:00:00,2,9.5,121,4.4
2022-03-30 21:00:00,2,13.2,74,4.3
2022-03-31 06:00:00,2,11.2,183,4.4
2022-03-31 08:00:00,2,9.5,227,1.6
2022-03-31 13:00:00,2,13.1,231,4.4
2022-03-01 08:00:00,3,14.4,132,1.6
2022-03-01 12:00:00,3,9.6,135,4.5
2022-03-01 16:00:00,3,11.6,102,1.6
2022-03-02 11:00:00,3,13.3,12,1.6
2022-03-02 22:00:00,3,13.2,357,4.4
2022-03-03 21:00:00,3,14.9,226,4.3
2022-03-03 23:00:00,3,11.2,101,4.4
2022-03-04 05:00:00,3,12.0,128,1.6
2022-03-04 08:00:00,3,11.2,93,1.6
2022-03-05 04:00:00,3,12.0,118,1.6
2022-03-05 07:00:00,3,11.2,101,1.6
2022-03-05 13:00:00,3,9.7,247,4.5
2022-03-05 22:00:00,3,15.0,101,1.6
2022-03-06 11:00:00,3,13.5,81,4.4
2022-03-06 19:00:00,3,11.8,216,4.4
2022-03-06 20:00:00,3,13.9,246,4.4
2022-03-07 00:00:00,3,10.5,320,4.3
2022-03-07 06:00:00,3,11.9,124,4.3
2022-03-07 07:00:00,3,9.1,350,1.6
2022-03-07 15:00:00,3,11.6,322,1.5
2022-03-07 23:00:00,3,13.3,235,4.3
2022-03-08 01:00:00,3,13.9,334,4.4
2022-03-08 07:00:00,3,12.4,123,4.3
2022-03-08 08:00:00,3,10.0,124,4.3
2022-03-08 11:00:00,3,9.9,332,4.3
2022-03-08 16:00:00,3,9.1,170,4.4
2022-03-09 00:00:00,3,14.6,287,4.3
2022-03-09 11:00:00,3,14.4,280,1.5
2022-03-09 15:00:00,3,14.1,5,4.3
2022-03-09 17:00:00,3,14.0,171,4.4
2022-03-10 00:00:00,3,14.6,0,4.4
2022-03-10 07:00:00,3,14.7,43,4.5
2022-03-11 07:00:00,3,9.2,309,4.4
2022-03-11 16:00:00,3,12.5,79,1.6
2022-03-11 20:00:00,3,13.3,122,4.4
2022-03-12 19:00:00,3,13.4,193,1.6
2022-03-12 23:00:00,3,13.5,265,4.3
2022-03-13 08:00:00,3,13.5,17,1.6
2022-03-13 14:00:00,3,9.8,77,4.3
2022-03-13 16:00:00,3,10.3,335,4.4
2022-03-14 04:00:00,3,9.8,128,1.6
2022-03-14 10:00:00,3,14.5,127,1.6
2022-03-15 04:00:00,3,10.2,126,4.3
2022-03-15 06:00:00,3,10.0,311,4.5
2022-03-16 00:00:00,3,12.6,48,4.3
2022-03-17 02:00:00,3,11.8,99,4.4
2022-03-17 07:00:00,3,12.1,23,1.5
2022-03-17 11:00:00,3,10.7,173,4.3
2022-03-18 01:00:00,3,12.4,288,4.3
2022-03-18 04:00:00,3,14.4,60,1.6
2022-03-18 05:00:00,3,11.0,305,4.5
2022-03-18 10:00:00,3,13.1,335,4.3
2022-03-18 13:00:00,3,14.2,281,1.6
2022-03-18 16:00:00,3,14.6,174,1.5
2022-03-19 13:00:00,3,14.7,9,4.4
2022-03-19 14:00:00,3,12.1,132,4.4
2022-03-19 17:00:00,3,11.7,72,4.5
2022-03-20 10:00:00,3,13.4,64,4.5
2022-03-20 22:00:00,3,13.4,124,4.4
2022-03-21 02:00:00,3,13.5,346,4.3
2022-03-21 13:00:00,3,14.8,83,4.3
2022-03-21 14:00:00,3,14.1,73,4.4
2022-03-21 18:00:00,3,13.3,195,1.5
2022-03-21 22:00:00,3,9.9,35,4.3
2022-03-22 07:00:00,3,12.5,175,1.6
2022-03-22 09:00:00,3,12.7,32,4.4
2022-03-22 12:00:00,3,9.4,56,4.4
2022-03-22 23:00:00,3,11.8,10,4.5
2022-03-23 10:00:00,3,14.7,263,1.6
2022-03-23 15:00:00,3,13.2,95,1.5
2022-03-23 17:00:00,3,10.0,204,1.6
2022-03-24 04:00:00,3,13.5,101,4.4
2022-03-24 05:00:00,3,11.0,53,4.3
2022-03-24 22:00:00,3,14.1,267,4.4
2022-03-25 20:00:00,3,11.4,110,4.3
2022-03-25 23:00:00,3,12.9,68,4.5
2022-03-26 02:00:00,3,13.2,51,1.6
2022-03-26 11:00:00,3,9.6,11,4.3
2022-03-26 14:00:00,3,11.8,136,4.4
2022-03-27 21:00:00,3,13.2,113,1.6
2022-03-27 22:00:00,3,9.4,37,4.4
2022-03-28 00:00:00,3,13.8,8,1.6
2022-03-28 08:00:00,3,13.0,88,1.6
2022-03-29 07:00:00,3,10.5,3,4.4
2022-03-30 02:00:00,3,10.4,312,1.6
2022-03-30 06:00:00,3,14.0,198,1.6
2022-03-30 10:00:00,3,10.3,33,1.6
2022-03-30 16:00:00,3,14.3,180,4.5
2022-03-31 09:00:00,3,14.4,20,1.5
2022-03-31 15:00:00,3,10.0,17,1.6
2022-03-31 17:00:00,3,14.9,84,4.3
2022-03-31 19:00:00,3,13.4,211,1.6
2022-03-31 20:00:00,3,13.0,281,1.6
2022-03-01 12:00:00,4,14.2,234,1.5
2022-03-01 15:00:00,4,9.2,122,4.4
2022-03-01 19:00:00,4,13.3,54,4.3
2022-03-02 02:00:00,4,12.3,322,1.6
2022-03-02 13:00:00,4,9.9,344,1.6
2022-03-02 19:00:00,4,10.1,199,1.5
2022-03-03 18:00:00,4,9.4,115,4.3
2022-03-04 01:00:00,4,13.6,129,1.6
2022-03-04 10:00:00,4,14.2,341,1.6
2022-03-04 16:00:00,4,9.7,305,4.3
2022-03-04 17:00:00,4,13.0,26,4.4
2022-03-04 19:00:00,4,13.3,217,4.5
2022-03-04 22:00:00,4,13.7,189,1.5
2022-03-05 16:00:00,4,10.9,288,4.4
2022-03-05 19:00:00,4,9.6,217,4.5
2022-03-06 02:00:00,4,14.0,305,4.3
2022-03-06 04:00:00,4,9.4,17,4.3
2022-03-06 10:00:00,4,13.9,357,4.5
2022-03-06 12:00:00,4,9.9,154,4.3
2022-03-06 16:00:00,4,13.6,216,1.6
2022-03-06 20:00:00,4,14.6,269,4.5
2022-03-07 00:00:00,4,9.2,235,1.5
2022-03-07 04:00:00,4,13.8,224,4.4
2022-03-07 08:00:00,4,12.1,136,4.4
2022-03-07 14:00:00,4,10.2,48,1.5
2022-03-07 18:00:00,4,10.8,9,1.6
2022-03-07 19:00:00,4,14.7,319,4.4
2022-03-08 01:00:00,4,13.4,9,1.5
2022-03-08 09:00:00,4,11.7,103,4.5
2022-03-08 19:00:00,4,12.6,37,1.6
2022-03-08 20:00:00,4,10.1,74,1.6
2022-03-08 22:00:00,4,14.1,211,4.4
2022-03-09 13:00:00,4,10.9,238,4.4
2022-03-10 18:00:00,4,13.0,191,4.4
2022-03-11 02:00:00,4,10.2,24,1.5
2022-03-11 13:00:00,4,10.3,74,4.3
2022-03-11 21:00:00,4,11.1,261,1.6
2022-03-12 10:00:00,4,11.6,20,1.5
2022-03-12 17:00:00,4,13.2,35,4.5
2022-03-12 18:00:00,4,12.0,90,1.6
2022-03-13 00:00:00,4,10.4,9,4.5
2022-03-13 01:00:00,4,13.8,79,4.5
2022-03-13 03:00:00,4,12.5,318,4.4
2022-03-13 09:00:00,4,14.4,49,1.6
2022-03-13 14:00:00,4,11.4,47,4.3
2022-03-13 21:00:00,4,12.1,181,1.5
2022-03-13 22:00:00,4,14.1,22,4.4
2022-03-13 23:00:00,4,11.0,242,1.6
2022-03-14 04:00:00,4,11.4,63,4.5
2022-03-14 06:00:00,4,14.6,355,4.3
2022-03-14 15:00:00,4,14.4,286,1.6
2022-03-14 22:00:00,4,9.8,288,4.4
2022-03-15 00:00:00,4,14.9,132,4.4
2022-03-15 08:00:00,4,10.3,263,1.5
2022-03-15 10:00:00,4,12.7,350,4.5
2022-03-16 08:00:00,4,9.0,260,1.6
2022-03-16 21:00:00,4,9.9,84,4.4
2022-03-17 06:00:00,4,12.9,111,4.5
2022-03-18 07:00:00,4,10.3,22,1.6
2022-03-18 08:00:00,4,9.5,348,1.6
2022-03-18 09:00:00,4,13.7,132,4.3
2022-03-18 19:00:00,4,14.6,332,4.4
2022-03-18 23:00:00,4,10.4,175,4.5
2022-03-19 00:00:00,4,13.4,78,4.3
2022-03-19 01:00:00,4,13.9,112,1.5
2022-03-19 07:00:00,4,11.5,210,4.4
2022-03-19 08:00:00,4,9.7,317,1.5
2022-03-19 10:00:00,4,13.6,253,1.6
2022-03-19 11:00:00,4,14.1,250,1.6
2022-03-19 12:00:00,4,9.1,207,4.4
2022-03-20 01:00:00,4,12.2,155,1.6
2022-03-20 07:00:00,4,14.4,190,1.6
2022-03-20 15:00:00,4,12.8,310,1.6
2022-03-20 21:00:00,4,9.5,321,1.6
2022-03-21 01:00:00,4,13.8,230,1.6
2022-03-21 05:00:00,4,13.9,137,1.6
2022-03-21 06:00:00,4,13.9,70,1.6
2022-03-21 12:00:00,4,13.3,357,4.4
2022-03-21 23:00:00,4,13.4,34,4.5
2022-03-22 08:00:00,4,10.0,290,4.5
2022-03-22 09:00:00,4,9.5,22,4.5
2022-03-22 10:00:00,4,11.6,18,4.3
2022-03-22 11:00:00,4,14.2,180,4.3
2022-03-23 00:00:00,4,13.3,312,4.3
2022-03-23 01:00:00,4,10.8,168,4.3
2022-03-23 07:00:00,4,11.1,154,4.3
2022-03-23 23:00:00,4,12.1,126,4.5
2022-03-24 07:00:00,4,11.8,129,4.3
2022-03-24 08:00:00,4,11.1,146,1.6
2022-03-24 20:00:00,4,11.9,246,1.6
2022-03-24 21:00:00,4,14.9,52,4.5
2022-03-25 04:00:00,4,12.6,162,4.3
2022-03-25 13:00:00,4,13.9,213,4.3
2022-03-26 10:00:00,4,12.4,123,1.6
2022-03-26 12:00:00,4,11.1,349,1.6
2022-03-26 14:00:00,4,10.7,253,1.6
2022-03-26 17:00:00,4,14.6,359,4.4
2022-03-26 20:00:00,4,10.1,299,1.6
2022-03-26 23:00:00,4,9.9,181,1.5
2022-03-27 01:00:00,4,10.0,258,4.5
2022-03-27 15:00:00,4,15.0,31,1.6
2022-03-28 10:00:00,4,12.3,342,1.6
2022-03-28 11:00:00,4,13.7,91,4.4
2022-03-28 14:00:00,4,9.8,54,1.6
2022-03-28 16:00:00,4,9.2,39,4.4
2022-03-28 19:00:00,4,12.7,15,4.4
2022-03-29 18:00:00,4,10.6,317,1.6
2022-03-30 05:00:00,4,13.3,335,1.6
2022-03-30 09:00:00,4,12.2,348,4.4
2022-03-31 10:00:00,4,11.7,127,4.4
2022-03-31 18:00:00,4,10.9,237,4.4
2022-03-01 07:00:00,5,9.5,265,1.7
2022-03-01 16:00:00,5,10.9,328,4.5
2022-03-02 18:00:00,5,9.4,314,4.4
2022-03-03 15:00:00,5,9.4,29,1.6
2022-03-03 18:00:00,5,10.2,122,1.7
2022-03-04 09:00:00,5,9.7,64,1.6
2022-03-04 18:00:00,5,11.7,357,1.5
2022-03-04 22:00:00,5,10.5,145,1.7
2022-03-05 02:00:00,5,11.5,321,1.6
2022-03-05 04:00:00,5,13.9,11,4.4
2022-03-05 08:00:00,5,14.8,285,1.6
2022-03-05 11:00:00,5,12.9,172,1.6
2022-03-05 17:00:00,5,11.9,183,4.4
2022-03-06 12:00:00,5,14.0,120,1.5
2022-03-06 15:00:00,5,9.8,245,1.5
2022-03-06 23:00:00,5,14.8,124,4.4
2022-03-07 08:00:00,5,11.7,336,1.6
2022-03-08 01:00:00,5,14.1,349,4.5
2022-03-08 20:00:00,5,9.4,15,4.5
2022-03-09 08:00:00,5,14.6,227,4.4
2022-03-09 17:00:00,5,10.1,116,4.4
2022-03-09 21:00:00,5,14.4,105,1.7
2022-03-10 13:00:00,5,11.2,80,1.6
2022-03-10 16:00:00,5,13.9,335,1.5
2022-03-10 19:00:00,5,10.1,288,4.4
2022-03-10 22:00:00,5,12.5,127,4.4
2022-03-10 23:00:00,5,10.4,84,1.7
2022-03-11 01:00:00,5,13.1,171,4.4
2022-03-11 12:00:00,5,14.0,272,1.6
2022-03-11 17:00:00,5,13.9,317,1.5
2022-03-12 03:00:00,5,14.5,309,1.5
2022-03-12 13:00:00,5,9.2,95,1.6
2022-03-13 06:00:00,5,9.5,93,1.7
2022-03-13 13:00:00,5,9.2,296,4.5
2022-03-13 14:00:00,5,11.0,206,4.5
2022-03-13 21:00:00,5,14.0,55,1.5
2022-03-14 06:00:00,5,10.3,359,1.6
2022-03-14 09:00:00,5,14.4,302,1.7
2022-03-14 14:00:00,5,9.6,7,4.5
2022-03-15 01:00:00,5,15.0,335,1.5
2022-03-15 06:00:00,5,9.1,50,4.5
2022-03-15 09:00:00,5,10.5,88,4.4
2022-03-15 12:00:00,5,11.1,287,4.4
2022-03-15 16:00:00,5,12.7,318,1.5
2022-03-15 22:00:00,5,13.6,22,1.6
2022-03-17 08:00:00,5,12.9,102,1.6
2022-03-17 22:00:00,5,11.9,162,4.4
2022-03-18 17:00:00,5,9.0,161,1.5
2022-03-18 20:00:00,5,14.8,59,1.7
2022-03-19 05:00:00,5,12.4,133,4.5
2022-03-19 08:00:00,5,14.0,313,4.5
2022-03-19 11:00:00,5,9.4,80,4.5
2022-03-20 00:00:00,5,10.4,122,4.4
2022-03-20 04:00:00,5,12.8,326,4.4
2022-03-20 10:00:00,5,10.7,111,4.4
2022-03-20 11:00:00,5,9.9,290,1.7
2022-03-20 21:00:00,5,12.6,10,1.7
2022-03-21 13:00:00,5,11.7,202,1.7
2022-03-21 14:00:00,5,10.4,89,1.6
2022-03-21 16:00:00,5,12.3,11,1.7
2022-03-21 17:00:00,5,13.3,36,1.6
2022-03-22 13:00:00,5,10.8,274,4.4
2022-03-23 01:00:00,5,14.4,282,1.6
2022-03-23 06:00:00,5,14.2,18,4.5
2022-03-23 09:00:00,5,11.5,234,1.7
2022-03-23 16:00:00,5,9.3,338,1.6
2022-03-23 17:00:00,5,13.1,54,4.5
2022-03-23 18:00:00,5,10.0,191,1.7
2022-03-23 23:00:00,5,14.8,177,1.6
2022-03-24 15:00:00,5,14.9,270,1.5
2022-03-24 20:00:00,5,11.4,118,1.7
2022-03-25 00:00:00,5,10.2,183,4.5
2022-03-25 09:00:00,5,10.0,271,4.4
2022-03-25 13:00:00,5,10.0,3,4.4
2022-03-25 16:00:00,5,11.9,322,4.4
2022-03-25 18:00:00,5,12.5,56,4.5
2022-03-26 11:00:00,5,9.7,178,1.7
2022-03-26 16:00:00,5,11.4,298,1.7
2022-03-26 22:00:00,5,12.9,61,1.6
2022-03-27 01:00:00,5,11.8,14,1.6
2022-03-27 08:00:00,5,9.2,33,1.6
2022-03-27 09:00:00,5,13.5,190,4.5
2022-03-28 02:00:00,5,14.9,285,1.6
2022-03-28 03:00:00,5,14.4,241,4.5
2022-03-28 06:00:00,5,14.6,73,1.6
2022-03-28 07:00:00,5,14.2,272,4.4
2022-03-28 18:00:00,5,13.5,130,1.6
2022-03-29 13:00:00,5,10.3,340,1.6
2022-03-30 04:00:00,5,9.8,40,4.4
2022-03-30 07:00:00,5,9.1,286,4.4
2022-03-30 12:00:00,5,14.4,162,4.5
2022-03-30 14:00:00,5,14.6,354,1.7
2022-03-30 15:00:00,5,14.7,177,1.6
2022-03-30 19:00:00,5,11.1,50,1.5
2022-03-30 20:00:00,5,11.1,73,1.5
2022-03-31 01:00:00,5,12.5,88,1.7
2022-03-31 20:00:00,5,12.1,134,1.5
2022-03-01 03:00:00,6,10.3,276,1.6
2022-03-01 04:00:00,6,13.1,265,4.3
2022-03-01 08:00:00,6,13.1,335,4.5
2022-03-01 22:00:00,6,14.9,338,1.5
2022-03-01 23:00:00,6,11.6,163,4.3
2022-03-02 05:00:00,6,11.3,138,4.4
2022-03-02 10:00:00,6,10.3,135,4.3
2022-03-02 15:00:00,6,12.8,302,4.5
2022-03-02 17:00:00,6,10.3,77,1.5
2022-03-02 19:00:00,6,11.5,318,4.4
2022-03-03 01:00:00,6,10.1,295,4.3
2022-03-03 08:00:00,6,14.1,98,4.3
2022-03-03 13:00:00,6,9.8,50,4.3
2022-03-03 17:00:00,6,10.3,28,1.5
2022-03-04 06:00:00,6,9.1,274,4.4
2022-03-04 19:00:00,6,9.8,313,4.5
2022-03-05 01:00:00,6,12.0,85,1.6
2022-03-05 08:00:00,6,11.9,141,4.4
2022-03-05 15:00:00,6,9.3,308,4.3
2022-03-05 16:00:00,6,9.7,137,4.3
2022-03-06 18:00:00,6,10.2,16,1.6
2022-03-07 21:00:00,6,10.6,168,4.4
2022-03-08 04:00:00,6,15.0,310,1.5
2022-03-08 09:00:00,6,11.3,93,1.6
2022-03-08 10:00:00,6,9.7,137,1.6
2022-03-08 11:00:00,6,10.6,66,4.4
2022-03-08 14:00:00,6,12.1,74,4.4
2022-03-08 20:00:00,6,14.9,67,4.5
2022-03-09 00:00:00,6,13.4,30,1.5
2022-03-09 05:00:00,6,11.3,217,1.6
2022-03-09 06:00:00,6,11.9,19,4.3
2022-03-09 09:00:00,6,14.1,317,1.6
2022-03-09 17:00:00,6,12.0,331,4.4
2022-03-09 18:00:00,6,11.2,122,4.5
2022-03-09 22:00:00,6,14.5,174,4.4
2022-03-10 01:00:00,6,12.6,180,1.6
2022-03-10 06:00:00,6,11.3,271,4.3
2022-03-10 07:00:00,6,9.3,153,4.4
2022-03-10 12:00:00,6,11.6,216,1.5
2022-03-11 05:00:00,6,13.5,197,1.6
2022-03-12 02:00:00,6,11.6,134,4.3
2022-03-12 04:00:00,6,12.6,75,4.3
2022-03-12 08:00:00,6,12.5,258,4.4
2022-03-12 15:00:00,6,11.0,56,1.5
2022-03-13 14:00:00,6,10.5,130,1.5
2022-03-13 18:00:00,6,9.5,203,1.6
2022-03-14 12:00:00,6,11.6,147,4.4
2022-03-15 01:00:00,6,12.6,105,4.5
2022-03-16 03:00:00,6,14.9,179,1.6
2022-03-16 05:00:00,6,9.1,20,4.4
2022-03-16 19:00:00,6,10.2,46,4.5
2022-03-17 02:00:00,6,12.1,340,1.5
2022-03-17 13:00:00,6,12.5,165,1.6
2022-03-17 19:00:00,6,10.4,175,1.6
2022-03-17 22:00:00,6,14.6,251,4.4
2022-03-18 04:00:00,6,11.3,145,4.3
2022-03-18 11:00:00,6,12.0,4,1.6
2022-03-18 14:00:00,6,9.8,147,4.3
2022-03-18 15:00:00,6,10.1,272,1.6
2022-03-18 21:00:00,6,9.1,108,4.3
2022-03-18 22:00:00,6,14.7,150,1.5
2022-03-19 17:00:00,6,14.2,271,1.6
2022-03-20 07:00:00,6,10.8,305,4.4
2022-03-20 20:00:00,6,14.7,116,1.6
2022-03-21 01:00:00,6,12.6,158,1.6
2022-03-21 08:00:00,6,11.8,216,1.6
2022-03-21 17:00:00,6,9.3,44,4.3
2022-03-22 22:00:00,6,10.1,15,4.3
2022-03-23 00:00:00,6,11.7,133,1.5
2022-03-23 17:00:00,6,11.5,74,4.5
2022-03-23 18:00:00,6,12.3,321,4.4
2022-03-23 20:00:00,6,14.3,231,1.5
2022-03-23 22:00:00,6,9.0,283,4.4
2022-03-24 02:00:00,6,13.9,203,4.5
2022-03-24 05:00:00,6,11.7,234,4.4
2022-03-24 21:00:00,6,11.9,124,1.6
2022-03-25 08:00:00,6,10.2,302,4.4
2022-03-25 18:00:00,6,11.3,46,4.3
2022-03-26 03:00:00,6,12.6,123,4.4
2022-03-26 15:00:00,6,11.5,212,4.3
2022-03-26 17:00:00,6,10.5,65,4.5
2022-03-27 02:00:00,6,12.3,114,4.4
2022-03-27 03:00:00,6,14.5,203,4.5
2022-03-27 11:00:00,6,13.7,306,4.5
2022-03-27 17:00:00,6,9.3,317,1.6
2022-03-27 23:00:00,6,10.3,301,4.4
2022-03-28 04:00:00,6,14.1,315,1.5
2022-03-28 06:00:00,6,9.9,238,4.3
2022-03-29 03:00:00,6,9.1,96,1.6
2022-03-29 05:00:00,6,14.0,292,4.5
2022-03-29 13:00:00,6,14.5,188,4.3
2022-03-29 15:00:00,6,13.1,156,4.5
2022-03-29 19:00:00,6,12.9,346,1.6
2022-03-30 02:00:00,6,11.7,40,1.6
2022-03-30 04:00:00,6,10.2,102,4.3
2022-03-30 06:00:00,6,10.4,32,4.5
2022-03-30 12:00:00,6,10.0,217,4.3
2022-03-30 17:00:00,6,11.8,79,4.4
2022-03-30 19:00:00,6,13.9,279,4.4
2022-03-31 17:00:00,6,15.0,86,1.6
2022-03-01 01:00:00,7,14.8,246,4.5
2022-03-01 09:00:00,7,10.7,203,1.6
2022-03-01 11:00:00,7,13.7,329,4.5
2022-03-02 03:00:00,7,9.4,90,1.6
2022-03-03 05:00:00,7,14.1,51,4.4
2022-03-03 23:00:00,7,10.7,226,4.4
2022-03-04 09:00:00,7,14.7,282,1.5
2022-03-05 12:00:00,7,11.1,54,4.5
2022-03-05 21:00:00,7,10.0,247,4.4
2022-03-06 03:00:00,7,9.9,234,4.4
2022-03-06 06:00:00,7,10.2,276,1.6
2022-03-07 01:00:00,7,10.6,151,1.6
2022-03-07 11:00:00,7,14.8,272,1.6
2022-03-07 16:00:00,7,14.7,254,4.4
2022-03-07 17:00:00,7,9.1,334,4.5
2022-03-07 18:00:00,7,10.2,349,1.6
2022-03-07 23:00:00,7,11.3,320,4.4
2022-03-08 18:00:00,7,15.0,91,4.4
2022-03-09 18:00:00,7,11.1,230,1.5
2022-03-11 12:00:00,7,10.3,136,4.5
2022-03-11 19:00:00,7,11.7,109,1.6
2022-03-12 03:00:00,7,9.4,348,4.4
2022-03-12 04:00:00,7,13.1,320,4.4
2022-03-12 10:00:00,7,13.3,214,4.4
2022-03-12 18:00:00,7,13.8,138,1.6
2022-03-13 02:00:00,7,10.7,12,1.6
2022-03-13 22:00:00,7,10.3,243,4.5
2022-03-14 10:00:00,7,14.8,78,1.6
2022-03-14 11:00:00,7,12.3,23,4.4
2022-03-14 15:00:00,7,14.0,5,4.5
2022-03-14 21:00:00,7,13.2,55,1.6
2022-03-15 00:00:00,7,9.8,179,4.4
2022-03-15 04:00:00,7,10.7,309,1.5
2022-03-15 07:00:00,7,12.7,2,1.6
2022-03-15 14:00:00,7,13.7,70,4.4
2022-03-16 01:00:00,7,10.4,83,4.5
2022-03-16 10:00:00,7,14.8,334,1.6
2022-03-16 21:00:00,7,12.8,6,4.4
2022-03-17 13:00:00,7,11.2,122,1.6
2022-03-17 14:00:00,7,15.0,251,4.4
2022-03-17 23:00:00,7,13.1,77,1.6
2022-03-18 02:00:00,7,11.7,223,4.4
2022-03-18 07:00:00,7,9.4,136,1.6
2022-03-18 17:00:00,7,13.7,302,1.6
2022-03-19 08:00:00,7,10.6,338,1.5
2022-03-19 12:00:00,7,13.0,59,4.4
2022-03-19 14:00:00,7,14.4,128,4.5
2022-03-19 16:00:00,7,12.9,23,1.6
2022-03-19 19:00:00,7,9.5,234,4.4
2022-03-20 13:00:00,7,9.5,194,4.5
2022-03-20 23:00:00,7,13.8,327,4.5
2022-03-21 03:00:00,7,13.0,80,1.6
2022-03-21 14:00:00,7,10.6,280,1.6
2022-03-21 23:00:00,7,10.0,50,4.4
2022-03-22 06:00:00,7,10.0,112,1.6
2022-03-22 19:00:00,7,9.7,203,1.5
2022-03-23 01:00:00,7,12.2,66,1.5
2022-03-23 02:00:00,7,11.3,175,4.4
2022-03-23 23:00:00,7,14.4,303,4.4
2022-03-24 05:00:00,7,10.5,95,1.5
2022-03-24 07:00:00,7,12.7,114,1.6
2022-03-24 18:00:00,7,9.7,288,4.4
2022-03-24 20:00:00,7,13.5,127,1.6
2022-03-24 22:00:00,7,12.7,251,4.4
2022-03-25 23:00:00,7,11.0,78,4.4
2022-03-26 17:00:00,7,12.6,114,1.6
2022-03-27 04:00:00,7,11.7,106,1.6
2022-03-27 07:00:00,7,13.1,240,4.4
2022-03-27 18:00:00,7,9.4,110,1.5
2022-03-27 22:00:00,7,10.5,137,4.4
2022-03-28 09:00:00,7,12.4,322,4.5
2022-03-29 12:00:00,7,13.1,205,1.5
2022-03-29 15:00:00,7,11.3,76,4.4
2022-03-30 00:00:00,7,10.9,197,4.4
2022-03-31 07:00:00,7,9.1,142,1.6
2022-03-01 10:00:00,8,9.9,298,4.4
2022-03-01 15:00:00,8,14.5,108,1.6
2022-03-01 19:00:00,8,9.1,201,1.6
2022-03-02 05:00:00,8,14.2,6,4.4
2022-03-02 06:00:00,8,9.9,296,4.4
2022-03-03 05:00:00,8,14.2,266,1.6
2022-03-03 08:00:00,8,14.6,210,4.5
2022-03-03 13:00:00,8,14.0,287,1.6
2022-03-04 06:00:00,8,13.9,69,1.5
2022-03-04 09:00:00,8,11.8,232,1.5
2022-03-05 16:00:00,8,9.4,24,1.6
2022-03-06 00:00:00,8,14.8,91,1.5
2022-03-06 08:00:00,8,13.8,83,4.4
2022-03-06 13:00:00,8,13.6,339,1.6
2022-03-06 18:00:00,8,11.5,311,4.4
2022-03-07 04:00:00,8,14.5,143,4.4
2022-03-07 06:00:00,8,10.5,193,1.5
2022-03-07 08:00:00,8,12.8,70,4.4
2022-03-07 09:00:00,8,10.7,4,1.6
2022-03-07 21:00:00,8,15.0,36,1.6
2022-03-08 01:00:00,8,9.0,60,4.4
2022-03-08 02:00:00,8,12.1,191,4.4
2022-03-08 09:00:00,8,11.3,184,1.5
2022-03-09 00:00:00,8,13.2,116,1.5
2022-03-09 07:00:00,8,11.2,183,1.6
2022-03-09 14:00:00,8,10.1,30,4.4
2022-03-10 01:00:00,8,11.5,300,1.6
2022-03-10 02:00:00,8,10.0,305,4.4
2022-03-10 09:00:00,8,11.5,188,4.4
2022-03-10 14:00:00,8,10.0,139,4.4
2022-03-11 05:00:00,8,10.2,192,4.4
2022-03-11 09:00:00,8,12.1,162,4.4
2022-03-13 05:00:00,8,12.1,92,4.5
2022-03-13 08:00:00,8,10.3,322,4.4
2022-03-13 10:00:00,8,9.7,309,4.4
2022-03-13 16:00:00,8,11.1,220,1.5
2022-03-14 20:00:00,8,11.5,243,4.5
2022-03-15 06:00:00,8,10.6,241,4.5
2022-03-15 11:00:00,8,14.1,83,4.4
2022-03-15 14:00:00,8,13.5,56,4.5
2022-03-15 16:00:00,8,12.6,341,1.6
2022-03-15 20:00:00,8,10.8,266,4.5
2022-03-16 04:00:00,8,9.6,3,4.5
2022-03-16 11:00:00,8,9.1,96,4.4
2022-03-16 20:00:00,8,9.3,203,4.4
2022-03-17 20:00:00,8,9.6,181,1.6
2022-03-18 08:00:00,8,13.6,83,1.5
2022-03-18 14:00:00,8,9.3,158,4.4
2022-03-18 20:00:00,8,10.4,6,4.4
2022-03-19 00:00:00,8,11.1,10,4.5
2022-03-19 15:00:00,8,10.1,151,1.5
2022-03-20 01:00:00,8,10.1,1,1.6
2022-03-20 09:00:00,8,12.1,227,4.4
2022-03-21 06:00:00,8,12.6,238,1.6
2022-03-21 09:00:00,8,10.5,134,1.6
2022-03-21 20:00:00,8,14.2,308,1.5
2022-03-22 01:00:00,8,11.8,346,4.4
2022-03-22 02:00:00,8,13.4,271,4.4
2022-03-22 06:00:00,8,11.6,214,1.6
2022-03-23 04:00:00,8,13.4,200,4.5
2022-03-23 11:00:00,8,9.9,150,1.6
2022-03-23 16:00:00,8,9.7,60,4.4
2022-03-23 18:00:00,8,11.4,342,4.5
2022-03-24 01:00:00,8,12.5,14,1.5
2022-03-24 11:00:00,8,12.5,108,1.5
2022-03-24 18:00:00,8,12.8,12,1.6
2022-03-25 07:00:00,8,12.3,125,1.5
2022-03-25 11:00:00,8,14.0,283,1.6
2022-03-26 13:00:00,8,11.0,213,1.6
2022-03-26 18:00:00,8,9.5,183,1.6
2022-03-26 19:00:00,8,9.2,212,1.6
2022-03-27 06:00:00,8,13.0,95,1.6
2022-03-28 04:00:00,8,13.8,314,4.4
2022-03-28 22:00:00,8,9.7,304,1.6
2022-03-28 23:00:00,8,14.5,146,1.6
2022-03-29 00:00:00,8,14.2,47,1.6
2022-03-29 03:00:00,8,12.7,250,1.6
2022-03-29 06:00:00,8,9.8,116,4.4
2022-03-29 12:00:00,8,9.9,73,1.5
2022-03-29 22:00:00,8,11.8,63,1.6
2022-03-30 01:00:00,8,14.0,264,4.4
2022-03-30 09:00:00,8,9.0,54,1.6
2022-03-30 14:00:00,8,10.6,77,4.4
2022-03-31 04:00:00,8,10.2,283,4.4
2022-03-31 11:00:00,8,11.9,1,4.4
2022-03-31 12:00:00,8,11.2,189,4.4
2022-03-31 14:00:00,8,9.6,288,4.4
2022-03-31 22:00:00,8,11.5,212,4.4
2022-03-01 01:00:00,9,13.1,0,1.6
2022-03-01 13:00:00,9,9.4,76,1.6
2022-03-01 14:00:00,9,12.8,79,1.5
2022-03-02 02:00:00,9,14.9,32,1.6
2022-03-02 10:00:00,9,13.4,169,1.6
2022-03-03 12:00:00,9,11.6,73,1.6
2022-03-03 17:00:00,9,9.9,290,1.6
2022-03-03 18:00:00,9,13.7,221,4.4
2022-03-04 04:00:00,9,13.3,312,4.5
2022-03-04 14:00:00,9,13.6,204,4.4
2022-03-05 02:00:00,9,14.8,284,1.5
2022-03-05 08:00:00,9,14.4,325,4.5
2022-03-05 23:00:00,9,14.9,97,4.5
2022-03-06 14:00:00,9,10.2,171,1.6
2022-03-06 20:00:00,9,13.7,338,4.4
2022-03-07 04:00:00,9,12.8,165,4.4
2022-03-08 17:00:00,9,14.5,117,1.6
2022-03-08 20:00:00,9,13.1,39,4.4
2022-03-09 07:00:00,9,10.9,158,4.4
2022-03-09 15:00:00,9,12.9,304,1.6
2022-03-09 16:00:00,9,9.4,186,4.5
2022-03-09 21:00:00,9,10.8,18,1.6
2022-03-09 23:00:00,9,14.6,341,4.4
2022-03-10 13:00:00,9,9.9,304,1.5
2022-03-10 18:00:00,9,13.4,242,1.6
2022-03-11 08:00:00,9,9.8,14,1.6
2022-03-11 23:00:00,9,9.7,305,4.4
2022-03-12 00:00:00,9,11.3,356,1.6
2022-03-12 04:00:00,9,9.9,218,4.5
2022-03-12 07:00:00,9,14.9,178,4.4
2022-03-12 17:00:00,9,10.4,87,4.4
2022-03-12 19:00:00,9,11.8,251,4.4
2022-03-12 23:00:00,9,10.9,71,1.5
2022-03-13 07:00:00,9,13.0,291,1.6
2022-03-13 12:00:00,9,11.6,40,4.5
2022-03-13 18:00:00,9,11.5,327,4.5
2022-03-14 03:00:00,9,10.0,220,1.6
2022-03-14 11:00:00,9,10.7,76,1.5
2022-03-14 19:00:00,9,12.6,304,1.5
2022-03-15 05:00:00,9,13.2,207,4.5
2022-03-15 11:00:00,9,13.7,118,4.4
2022-03-17 14:00:00,9,10.4,19,1.5
2022-03-17 16:00:00,9,9.1,144,4.5
2022-03-17 22:00:00,9,14.6,36,4.5
2022-03-18 06:00:00,9,12.5,54,4.5
2022-03-18 17:00:00,9,11.0,184,1.6
2022-03-19 05:00:00,9,12.0,168,4.4
2022-03-20 02:00:00,9,12.9,9,4.5
2022-03-20 05:00:00,9,14.7,210,1.5
2022-03-20 08:00:00,9,11.4,325,4.4
2022-03-20 13:00:00,9,13.5,194,4.4
2022-03-20 19:00:00,9,13.2,50,1.5
2022-03-20 22:00:00,9,11.6,82,4.4
2022-03-21 08:00:00,9,9.1,157,1.5
2022-03-22 00:00:00,9,11.1,198,1.6
2022-03-22 13:00:00,9,10.0,162,1.5
2022-03-22 15:00:00,9,12.7,240,4.4
2022-03-23 01:00:00,9,13.1,78,1.6
2022-03-23 10:00:00,9,11.3,327,1.5
2022-03-23 16:00:00,9,10.1,292,1.6
2022-03-24 03:00:00,9,9.5,60,1.6
2022-03-24 11:00:00,9,10.2,158,1.5
2022-03-24 16:00:00,9,10.8,9,4.5
2022-03-24 18:00:00,9,14.9,225,4.4
2022-03-25 01:00:00,9,14.1,214,4.4
2022-03-25 12:00:00,9,12.8,224,4.4
2022-03-25 19:00:00,9,11.0,83,1.6
2022-03-26 01:00:00,9,12.0,185,1.6
2022-03-26 11:00:00,9,9.8,120,4.5
2022-03-26 13:00:00,9,13.5,160,4.5
2022-03-26 16:00:00,9,13.4,229,1.5
2022-03-26 22:00:00,9,10.4,192,4.4
2022-03-27 00:00:00,9,11.6,337,1.6
2022-03-27 18:00:00,9,9.1,8,1.5
2022-03-28 14:00:00,9,10.9,335,1.6
2022-03-28 15:00:00,9,12.0,221,1.6
2022-03-29 07:00:00,9,9.4,336,1.6
2022-03-29 23:00:00,9,10.4,147,1.6
2022-03-30 08:00:00,9,13.4,215,1.5
2022-03-31 00:00:00,9,13.5,299,1.6
2022-03-01 10:00:00,10,14.7,208,4.4
2022-03-01 12:00:00,10,10.2,91,1.6
2022-03-01 13:00:00,10,10.8,43,4.5
2022-03-01 14:00:00,10,9.3,3,1.5
2022-03-01 17:00:00,10,14.5,293,1.7
2022-03-01 19:00:00,10,12.5,205,4.5
2022-03-03 03:00:00,10,10.9,139,1.6
2022-03-03 08:00:00,10,14.8,246,4.4
2022-03-03 15:00:00,10,9.4,21,4.4
2022-03-03 20:00:00,10,14.6,142,1.6
2022-03-04 03:00:00,10,14.4,12,1.6
2022-03-04 08:00:00,10,9.4,179,1.7
2022-03-04 11:00:00,10,13.1,325,4.4
2022-03-04 18:00:00,10,14.3,106,4.4
2022-03-04 22:00:00,10,11.4,297,4.4
2022-03-05 00:00:00,10,13.5,217,1.7
2022-03-05 01:00:00,10,10.6,101,1.7
2022-03-05 05:00:00,10,12.7,224,1.6
2022-03-05 08:00:00,10,11.0,128,1.6
2022-03-06 01:00:00,10,12.2,192,1.6
2022-03-06 12:00:00,10,12.6,212,1.7
2022-03-06 16:00:00,10,9.8,181,4.5
2022-03-06 23:00:00,10,14.5,316,1.6
2022-03-07 06:00:00,10,9.9,96,1.7
2022-03-08 14:00:00,10,9.3,137,1.5
2022-03-09 12:00:00,10,13.7,45,1.7
2022-03-10 00:00:00,10,11.5,314,4.5
2022-03-10 22:00:00,10,11.6,17,1.5
2022-03-11 04:00:00,10,12.6,356,4.4
2022-03-12 02:00:00,10,10.9,356,4.5
2022-03-12 03:00:00,10,11.3,137,4.4
2022-03-12 07:00:00,10,12.0,177,1.6
2022-03-12 11:00:00,10,14.6,227,4.4
2022-03-13 01:00:00,10,14.4,207,1.6
2022-03-13 13:00:00,10,11.1,181,1.6
2022-03-13 21:00:00,10,13.1,335,4.4
2022-03-14 02:00:00,10,12.6,134,1.7
2022-03-14 06:00:00,10,9.3,129,1.7
2022-03-14 09:00:00,10,14.3,357,1.5
2022-03-14 14:00:00,10,14.4,296,1.7
2022-03-14 15:00:00,10,9.8,214,4.5
2022-03-14 20:00:00,10,11.1,239,4.4
2022-03-15 13:00:00,10,12.4,9,1.7
2022-03-15 14:00:00,10,14.8,198,1.7
2022-03-15 19:00:00,10,9.5,107,1.7
2022-03-16 00:00:00,10,10.9,181,1.5
2022-03-16 17:00:00,10,10.1,235,4.5
2022-03-17 00:00:00,10,10.4,348,1.6
2022-03-17 02:00:00,10,14.0,213,1.7
2022-03-19 01:00:00,10,13.1,179,1.5
2022-03-19 09:00:00,10,10.4,118,4.4
2022-03-19 18:00:00,10,10.6,323,4.4
2022-03-19 21:00:00,10,14.3,357,1.6
2022-03-20 04:00:00,10,11.1,346,1.7
2022-03-20 10:00:00,10,10.4,179,1.7
2022-03-20 12:00:00,10,10.3,224,1.6
2022-03-21 03:00:00,10,13.0,271,1.7
2022-03-21 04:00:00,10,14.4,323,1.6
2022-03-21 10:00:00,10,13.1,90,1.6
2022-03-22 04:00:00,10,12.1,221,1.7
2022-03-22 11:00:00,10,10.1,258,1.7
2022-03-22 12:00:00,10,10.4,70,1.7
2022-03-22 13:00:00,10,14.4,82,1.7
2022-03-22 15:00:00,10,13.5,156,1.7
2022-03-22 19:00:00,10,11.9,281,1.5
2022-03-22 22:00:00,10,11.0,141,1.6
2022-03-22 23:00:00,10,10.1,74,4.4
2022-03-23 03:00:00,10,13.8,209,4.4
2022-03-23 11:00:00,10,9.8,197,4.5
2022-03-23 12:00:00,10,12.8,120,4.5
2022-03-23 19:00:00,10,13.4,174,4.4
2022-03-24 05:00:00,10,13.7,216,4.4
2022-03-24 06:00:00,10,9.5,76,1.6
2022-03-24 23:00:00,10,9.8,69,1.5
2022-03-25 07:00:00,10,14.3,237,1.7
2022-03-25 08:00:00,10,11.0,141,4.5
2022-03-25 11:00:00,10,12.6,335,1.5
2022-03-25 12:00:00,10,14.8,191,4.4
2022-03-25 13:00:00,10,10.9,30,4.4
2022-03-25 14:00:00,10,14.1,252,4.4
2022-03-25 22:00:00,10,13.8,151,1.5
2022-03-27 10:00:00,10,11.0,158,1.5
2022-03-27 12:00:00,10,9.6,347,4.4
2022-03-28 07:00:00,10,14.1,307,4.5
2022-03-28 12:00:00,10,9.1,3,4.5
2022-03-28 17:00:00,10,12.8,234,4.4
2022-03-28 21:00:00,10,10.7,192,1.5
2022-03-29 15:00:00,10,9.1,172,1.6
2022-03-29 18:00:00,10,13.9,74,4.4
2022-03-30 09:00:00,10,12.7,148,1.7
2022-03-30 17:00:00,10,13.4,286,4.4
2022-03-31 05:00:00,10,13.6,181,1.6
2022-03-31 08:00:00,10,11.9,340,1.6
2022-03-31 10:00:00,10,14.6,322,1.7
2022-03-01 14:00:00,11,11.3,137,1.6
2022-03-01 19:00:00,11,13.3,268,1.5
2022-03-01 20:00:00,11,13.9,238,4.4
2022-03-02 13:00:00,11,14.2,73,4.5
2022-03-03 01:00:00,11,14.9,253,4.5
2022-03-03 08:00:00,11,12.3,347,1.6
2022-03-03 12:00:00,11,9.2,89,4.5
2022-03-04 07:00:00,11,9.7,354,1.5
2022-03-04 13:00:00,11,9.1,8,4.3
2022-03-04 19:00:00,11,11.8,102,1.6
2022-03-05 20:00:00,11,10.7,155,4.4
2022-03-06 02:00:00,11,9.6,135,4.4
2022-03-06 04:00:00,11,11.1,184,4.4
2022-03-06 14:00:00,11,11.9,213,4.5
2022-03-06 19:00:00,11,11.4,182,1.5
2022-03-06 20:00:00,11,9.2,258,1.6
2022-03-07 00:00:00,11,14.8,136,4.5
2022-03-07 05:00:00,11,9.9,251,4.5
2022-03-07 06:00:00,11,10.1,312,1.5
2022-03-07 16:00:00,11,9.8,277,4.3
2022-03-07 19:00:00,11,12.3,354,4.4
2022-03-07 21:00:00,11,9.9,325,1.6
2022-03-08 04:00:00,11,13.3,125,4.3
2022-03-09 00:00:00,11,9.6,233,1.6
2022-03-09 01:00:00,11,10.6,283,1.6
2022-03-09 12:00:00,11,11.1,184,4.4
2022-03-09 14:00:00,11,9.6,318,4.3
2022-03-09 19:00:00,11,10.1,34,4.4
2022-03-10 07:00:00,11,11.8,77,1.6
2022-03-11 05:00:00,11,13.2,128,1.6
2022-03-12 07:00:00,11,14.7,257,4.5
2022-03-13 07:00:00,11,13.1,328,4.3
2022-03-13 08:00:00,11,11.0,148,1.6
2022-03-13 20:00:00,11,13.9,63,1.6
2022-03-13 21:00:00,11,14.6,274,1.5
2022-03-13 22:00:00,11,12.9,155,4.5
2022-03-13 23:00:00,11,9.3,327,4.3
2022-03-15 04:00:00,11,10.3,267,1.5
2022-03-15 17:00:00,11,11.9,327,1.5
2022-03-15 19:00:00,11,11.9,129,1.6
2022-03-16 00:00:00,11,9.4,184,1.5
2022-03-16 06:00:00,11,13.2,337,4.4
2022-03-16 16:00:00,11,9.5,115,4.4
2022-03-17 01:00:00,11,13.9,235,1.6
2022-03-17 12:00:00,11,14.6,80,1.6
2022-03-17 14:00:00,11,13.2,71,4.4
2022-03-17 18:00:00,11,13.1,239,1.6
2022-03-18 03:00:00,11,12.5,154,4.5
2022-03-18 06:00:00,11,13.0,258,4.4
2022-03-18 07:00:00,11,14.0,188,4.4
2022-03-19 04:00:00,11,10.7,227,1.6
2022-03-20 11:00:00,11,9.0,103,4.4
2022-03-20 16:00:00,11,13.7,137,4.5
2022-03-20 17:00:00,11,10.0,284,4.5
2022-03-21 07:00:00,11,14.3,106,4.5
2022-03-21 13:00:00,11,12.8,135,4.3
2022-03-21 15:00:00,11,13.7,339,1.5
2022-03-21 22:00:00,11,12.7,106,1.5
2022-03-22 00:00:00,11,10.5,11,1.6
2022-03-22 10:00:00,11,14.8,244,1.6
2022-03-22 13:00:00,11,9.2,29,1.5
2022-03-22 14:00:00,11,14.2,120,1.6
2022-03-22 15:00:00,11,12.7,240,1.5
2022-03-22 17:00:00,11,12.6,125,4.5
2022-03-23 07:00:00,11,15.0,33,4.3
2022-03-23 16:00:00,11,9.2,305,4.5
2022-03-23 22:00:00,11,13.8,47,4.4
2022-03-24 10:00:00,11,11.8,153,4.3
2022-03-24 12:00:00,11,11.9,191,4.3
2022-03-24 16:00:00,11,14.6,277,4.3
2022-03-25 02:00:00,11,10.6,298,1.6
2022-03-25 03:00:00,11,11.0,121,1.5
2022-03-25 05:00:00,11,12.8,274,1.5
2022-03-25 06:00:00,11,14.9,21,1.5
2022-03-25 16:00:00,11,10.2,348,1.6
2022-03-25 17:00:00,11,11.7,96,1.6
2022-03-26 04:00:00,11,14.8,164,4.4
2022-03-26 07:00:00,11,12.4,274,1.6
2022-03-26 09:00:00,11,14.0,112,4.5
2022-03-26 12:00:00,11,13.8,228,4.4
2022-03-26 16:00:00,11,14.4,135,4.5
2022-03-26 18:00:00,11,12.1,288,4.5
2022-03-26 23:00:00,11,11.8,285,4.4
2022-03-27 03:00:00,11,13.0,248,1.6
2022-03-27 16:00:00,11,9.6,35,4.3
2022-03-27 21:00:00,11,11.0,5,4.3
2022-03-27 22:00:00,11,9.8,75,4.3
2022-03-28 00:00:00,11,11.1,358,4.4
2022-03-28 06:00:00,11,12.0,110,1.6
2022-03-28 12:00:00,11,10.3,326,4.4
2022-03-28 18:00:00,11,13.5,232,1.6
2022-03-29 00:00:00,11,11.6,99,1.5
2022-03-29 18:00:00,11,14.1,20,4.4
2022-03-30 21:00:00,11,9.2,45,4.3
2022-03-31 08:00:00,11,12.1,278,1.6
2022-03-31 11:00:00,11,9.7,269,1.5
2022-03-31 21:00:00,11,12.6,341,4.3
2022-03-01 05:00:00,12,12.9,15,1.6
2022-03-01 08:00:00,12,15.0,276,4.5
2022-03-01 10:00:00,12,12.8,61,4.4
2022-03-01 12:00:00,12,13.9,178,1.6
2022-03-01 14:00:00,12,14.2,47,4.4
2022-03-01 18:00:00,12,12.3,107,4.4
2022-03-02 03:00:00,12,12.2,60,1.6
2022-03-02 11:00:00,12,13.8,153,4.4
2022-03-02 18:00:00,12,12.6,126,1.6
2022-03-03 07:00:00,12,11.2,120,1.7
2022-03-04 13:00:00,12,10.6,5,1.7
2022-03-04 17:00:00,12,14.7,157,1.7
2022-03-04 21:00:00,12,11.2,199,1.6
2022-03-05 01:00:00,12,11.0,218,1.6
2022-03-05 12:00:00,12,10.9,24,4.5
2022-03-05 18:00:00,12,12.9,203,4.4
2022-03-06 02:00:00,12,10.9,133,1.7
2022-03-07 05:00:00,12,10.0,73,1.6
2022-03-08 07:00:00,12,11.2,227,1.7
2022-03-08 23:00:00,12,12.9,141,1.7
2022-03-09 06:00:00,12,11.4,3,1.6
2022-03-10 03:00:00,12,13.4,186,4.4
2022-03-10 05:00:00,12,12.2,217,4.4
2022-03-10 06:00:00,12,13.7,324,4.4
2022-03-10 10:00:00,12,14.6,256,1.6
2022-03-10 18:00:00,12,9.1,220,4.5
2022-03-10 20:00:00,12,12.3,212,4.4
2022-03-11 04:00:00,12,13.1,23,1.6
2022-03-11 23:00:00,12,12.9,318,4.4
2022-03-12 02:00:00,12,11.5,283,1.6
2022-03-12 06:00:00,12,13.7,214,1.6
2022-03-12 09:00:00,12,12.6,9,1.6
2022-03-12 13:00:00,12,13.5,161,1.7
2022-03-13 03:00:00,12,13.2,65,1.7
2022-03-13 08:00:00,12,9.3,19,4.5
2022-03-14 20:00:00,12,14.5,66,4.4
2022-03-15 03:00:00,12,12.9,194,1.6
2022-03-15 13:00:00,12,9.2,281,1.5
2022-03-16 10:00:00,12,10.2,277,1.6
2022-03-16 18:00:00,12,9.7,337,1.6
2022-03-17 07:00:00,12,10.5,157,1.7
2022-03-17 21:00:00,12,10.3,131,4.4
2022-03-18 09:00:00,12,13.0,293,4.4
2022-03-19 03:00:00,12,9.6,287,1.6
2022-03-19 13:00:00,12,11.5,333,4.4
2022-03-19 17:00:00,12,10.2,20,4.5
2022-03-20 02:00:00,12,11.2,306,1.7
2022-03-20 13:00:00,12,11.3,289,1.6
2022-03-20 20:00:00,12,11.5,8,4.4
2022-03-21 08:00:00,12,10.2,129,4.5
2022-03-21 11:00:00,12,14.3,108,1.5
2022-03-21 22:00:00,12,14.9,338,4.4
2022-03-22 04:00:00,12,11.8,72,1.7
2022-03-22 07:00:00,12,12.1,170,1.6
2022-03-22 10:00:00,12,14.8,149,4.4
2022-03-22 16:00:00,12,10.1,111,1.6
2022-03-23 01:00:00,12,14.3,16,1.7
2022-03-23 03:00:00,12,9.1,175,1.6
2022-03-23 04:00:00,12,14.2,64,1.5
2022-03-23 05:00:00,12,10.5,235,4.4
2022-03-24 03:00:00,12,9.3,200,4.4
2022-03-24 10:00:00,12,9.2,296,1.7
2022-03-24 21:00:00,12,12.9,128,4.4
2022-03-24 22:00:00,12,13.3,127,1.6
2022-03-25 00:00:00,12,12.4,150,4.4
2022-03-25 06:00:00,12,10.2,149,4.5
2022-03-25 11:00:00,12,12.4,127,1.7
2022-03-25 12:00:00,12,9.8,308,4.5
2022-03-25 18:00:00,12,12.2,119,4.5
2022-03-25 23:00:00,12,9.8,227,4.4
2022-03-26 04:00:00,12,11.3,259,1.7
2022-03-26 08:00:00,12,9.8,127,4.4
2022-03-26 10:00:00,12,10.1,276,4.4
2022-03-26 14:00:00,12,10.0,9,4.5
2022-03-26 18:00:00,12,11.2,347,1.6
2022-03-26 23:00:00,12,13.7,206,1.7
2022-03-27 00:00:00,12,9.1,273,1.5
2022-03-27 01:00:00,12,13.5,4,1.6
2022-03-27 02:00:00,12,11.2,197,1.5
2022-03-28 02:00:00,12,11.0,133,1.7
2022-03-28 05:00:00,12,9.1,331,4.4
2022-03-29 03:00:00,12,10.1,46,1.7
2022-03-30 01:00:00,12,10.6,4,4.5
2022-03-30 15:00:00,12,14.4,115,4.4
2022-03-31 03:00:00,12,10.4,13,1.7
2022-03-31 05:00:00,12,13.7,42,1.6
2022-03-31 07:00:00,12,9.4,227,4.4
2022-03-31 11:00:00,12,10.2,348,1.7
2022-03-31 12:00:00,12,14.3,301,4.4
2022-03-31 16:00:00,12,14.1,25,4.4
2022-03-02 08:00:00,13,14.6,331,4.5
2022-03-03 01:00:00,13,10.4,292,4.4
2022-03-03 06:00:00,13,12.0,347,1.6
2022-03-03 17:00:00,13,11.4,101,1.6
2022-03-03 23:00:00,13,10.5,16,1.6
2022-03-04 05:00:00,13,11.4,198,1.6
2022-03-04 08:00:00,13,10.2,93,4.5
2022-03-04 10:00:00,13,13.4,247,1.7
2022-03-05 04:00:00,13,11.0,302,1.7
2022-03-05 23:00:00,13,10.3,105,4.5
2022-03-06 03:00:00,13,10.0,155,1.7
2022-03-06 10:00:00,13,12.1,242,1.7
2022-03-06 20:00:00,13,10.1,78,1.6
2022-03-07 08:00:00,13,10.1,288,4.4
2022-03-07 11:00:00,13,10.9,87,1.7
2022-03-07 18:00:00,13,11.8,333,1.7
2022-03-08 07:00:00,13,12.3,283,4.5
2022-03-08 15:00:00,13,11.8,313,4.5
2022-03-08 19:00:00,13,10.0,202,1.5
2022-03-09 00:00:00,13,10.9,164,1.6
2022-03-09 02:00:00,13,11.4,347,1.6
2022-03-09 10:00:00,13,12.5,306,4.5
2022-03-09 16:00:00,13,15.0,78,1.5
2022-03-10 11:00:00,13,13.7,151,1.5
2022-03-11 02:00:00,13,10.5,181,4.5
2022-03-11 20:00:00,13,10.1,318,4.5
2022-03-11 22:00:00,13,12.6,11,1.5
2022-03-12 04:00:00,13,10.0,253,1.6
2022-03-12 11:00:00,13,14.8,204,1.7
2022-03-12 15:00:00,13,12.2,133,4.4
2022-03-12 19:00:00,13,13.3,20,4.5
2022-03-12 21:00:00,13,10.3,354,1.7
2022-03-12 22:00:00,13,9.6,109,1.6
2022-03-13 07:00:00,13,9.5,118,1.6
2022-03-13 23:00:00,13,13.4,131,1.7
2022-03-14 06:00:00,13,11.1,113,1.7
2022-03-14 08:00:00,13,12.2,182,1.6
2022-03-14 17:00:00,13,9.1,341,4.4
2022-03-15 12:00:00,13,11.6,267,1.6
2022-03-15 19:00:00,13,9.1,109,4.4
2022-03-15 20:00:00,13,10.3,196,4.5
2022-03-16 05:00:00,13,14.2,58,1.7
2022-03-16 16:00:00,13,14.9,119,4.4
2022-03-17 02:00:00,13,13.8,29,1.6
2022-03-17 17:00:00,13,9.4,310,1.7
2022-03-17 21:00:00,13,13.8,324,4.4
2022-03-17 22:00:00,13,13.9,239,4.4
2022-03-18 06:00:00,13,10.9,284,1.6
2022-03-18 16:00:00,13,11.1,296,4.5
2022-03-18 23:00:00,13,12.9,126,4.5
2022-03-19 00:00:00,13,9.7,268,1.7
2022-03-19 05:00:00,13,10.6,165,4.4
2022-03-19 09:00:00,13,11.9,187,4.5
2022-03-19 20:00:00,13,9.2,301,1.7
2022-03-20 03:00:00,13,11.2,15,4.5
2022-03-20 08:00:00,13,12.1,324,1.6
2022-03-20 18:00:00,13,12.9,92,4.5
2022-03-20 19:00:00,13,10.4,122,1.6
2022-03-21 00:00:00,13,10.8,283,1.5
2022-03-21 01:00:00,13,13.6,227,4.5
2022-03-22 09:00:00,13,12.5,169,1.6
2022-03-22 11:00:00,13,10.8,59,4.4
2022-03-23 02:00:00,13,12.8,1,4.4
2022-03-23 06:00:00,13,11.4,182,1.6
2022-03-23 21:00:00,13,11.3,156,1.7
2022-03-24 00:00:00,13,13.7,308,1.7
2022-03-24 09:00:00,13,9.3,135,1.7
2022-03-24 15:00:00,13,12.3,227,1.6
2022-03-25 09:00:00,13,14.1,111,4.4
2022-03-25 10:00:00,13,13.0,271,1.5
2022-03-25 17:00:00,13,11.6,48,1.6
2022-03-26 00:00:00,13,11.0,218,1.6
2022-03-26 09:00:00,13,14.4,243,4.4
2022-03-27 00:00:00,13,11.6,214,1.5
2022-03-27 05:00:00,13,11.5,287,4.5
2022-03-27 11:00:00,13,14.4,326,4.4
2022-03-27 21:00:00,13,10.0,138,4.4
2022-03-27 22:00:00,13,11.0,228,1.6
2022-03-28 07:00:00,13,11.5,232,1.6
2022-03-28 12:00:00,13,10.2,68,1.6
2022-03-28 19:00:00,13,10.4,21,4.4
2022-03-29 00:00:00,13,11.8,310,1.7
2022-03-29 06:00:00,13,11.2,33,1.7
2022-03-29 07:00:00,13,9.8,171,1.7
2022-03-29 17:00:00,13,12.8,130,4.4
2022-03-29 20:00:00,13,13.4,91,4.5
2022-03-30 01:00:00,13,9.9,118,4.4
2022-03-30 06:00:00,13,12.9,76,1.7
2022-03-30 12:00:00,13,13.7,56,4.5
2022-03-30 20:00:00,13,10.6,97,1.7
2022-03-31 07:00:00,13,9.7,347,1.7
2022-03-31 16:00:00,13,9.1,64,1.6
2022-03-31 19:00:00,13,13.4,140,1.6
2022-03-31 21:00:00,13,9.9,195,1.7
2022-03-31 23:00:00,13,12.8,302,4.5
2022-03-01 00:00:00,14,10.7,97,1.6
2022-03-01 05:00:00,14,12.6,207,1.7
2022-03-01 16:00:00,14,12.5,236,1.6
2022-03-01 20:00:00,14,12.3,250,4.5
2022-03-02 10:00:00,14,14.7,312,4.4
2022-03-03 18:00:00,14,13.6,123,1.6
2022-03-03 22:00:00,14,10.2,270,1.6
2022-03-04 00:00:00,14,10.5,68,1.5
2022-03-04 04:00:00,14,13.8,163,4.4
2022-03-04 15:00:00,14,14.8,272,4.4
2022-03-04 19:00:00,14,12.7,259,1.5
2022-03-05 08:00:00,14,9.9,22,1.6
2022-03-05 12:00:00,14,11.4,171,1.5
2022-03-06 04:00:00,14,12.4,88,1.7
2022-03-06 10:00:00,14,11.6,296,1.7
2022-03-06 12:00:00,14,10.6,235,1.7
2022-03-06 22:00:00,14,9.3,185,4.5
2022-03-07 01:00:00,14,9.1,250,4.4
2022-03-08 15:00:00,14,10.0,125,4.4
2022-03-08 17:00:00,14,11.1,92,1.5
2022-03-10 07:00:00,14,13.9,195,1.6
2022-03-10 08:00:00,14,10.5,37,1.7
2022-03-10 20:00:00,14,10.2,129,1.6
2022-03-11 02:00:00,14,12.0,164,1.6
2022-03-11 09:00:00,14,13.5,104,1.6
2022-03-11 14:00:00,14,14.7,201,1.6
2022-03-11 15:00:00,14,10.0,321,1.7
2022-03-11 20:00:00,14,14.2,341,4.4
2022-03-11 21:00:00,14,11.1,263,1.7
2022-03-11 23:00:00,14,12.4,263,4.4
2022-03-12 03:00:00,14,13.2,80,1.6
2022-03-12 12:00:00,14,9.9,292,1.6
2022-03-12 23:00:00,14,9.1,105,1.7
2022-03-13 06:00:00,14,12.9,165,1.6
2022-03-13 08:00:00,14,10.4,303,4.4
2022-03-13 10:00:00,14,10.1,353,4.4
2022-03-13 20:00:00,14,10.2,181,1.7
2022-03-14 01:00:00,14,13.8,218,1.7
2022-03-14 05:00:00,14,13.2,319,1.7
2022-03-14 15:00:00,14,11.6,237,4.5
2022-03-14 23:00:00,14,9.9,333,1.7
2022-03-15 10:00:00,14,13.1,153,4.5
2022-03-16 03:00:00,14,9.8,287,1.7
2022-03-16 08:00:00,14,11.4,73,4.5
2022-03-16 13:00:00,14,10.6,238,4.4
2022-03-16 21:00:00,14,11.9,237,1.6
2022-03-17 03:00:00,14,11.6,187,1.6
2022-03-17 07:00:00,14,14.1,176,1.5
2022-03-17 22:00:00,14,11.7,272,4.4
2022-03-18 00:00:00,14,10.1,236,1.7
2022-03-18 13:00:00,14,14.0,13,4.5
2022-03-18 22:00:00,14,10.7,47,1.6
2022-03-18 23:00:00,14,10.5,70,4.5
2022-03-19 11:00:00,14,14.5,250,4.5
2022-03-19 21:00:00,14,14.2,112,1.5
2022-03-19 22:00:00,14,9.6,23,1.7
2022-03-20 10:00:00,14,10.3,144,1.6
2022-03-20 20:00:00,14,10.6,149,4.4
2022-03-20 23:00:00,14,10.2,83,1.6
2022-03-21 00:00:00,14,12.6,158,4.4
2022-03-21 01:00:00,14,10.3,328,1.7
2022-03-21 05:00:00,14,9.0,286,1.6
2022-03-21 17:00:00,14,14.3,68,4.5
2022-03-22 17:00:00,14,11.3,95,4.5
2022-03-23 00:00:00,14,13.3,10,1.7
2022-03-23 02:00:00,14,14.1,192,1.5
2022-03-23 04:00:00,14,10.2,250,4.4
2022-03-23 05:00:00,14,11.4,192,4.5
2022-03-23 15:00:00,14,13.3,54,4.4
2022-03-23 20:00:00,14,9.4,334,1.7
2022-03-23 21:00:00,14,12.3,327,1.6
2022-03-23 22:00:00,14,14.1,218,4.4
2022-03-23 23:00:00,14,10.9,212,4.5
2022-03-24 06:00:00,14,14.9,348,1.7
2022-03-24 14:00:00,14,11.1,222,4.4
2022-03-25 07:00:00,14,11.3,119,1.7
2022-03-25 19:00:00,14,12.7,94,4.4
2022-03-25 22:00:00,14,14.1,298,1.5
2022-03-25 23:00:00,14,9.9,106,4.4
2022-03-26 17:00:00,14,14.6,165,1.7
2022-03-26 23:00:00,14,13.4,260,4.4
2022-03-27 14:00:00,14,12.3,101,1.6
2022-03-28 02:00:00,14,10.5,123,1.6
2022-03-28 07:00:00,14,14.0,339,1.5
2022-03-28 12:00:00,14,11.0,71,1.5
2022-03-28 23:00:00,14,13.4,259,1.6
2022-03-29 12:00:00,14,10.0,314,1.7
2022-03-29 19:00:00,14,14.0,302,4.5
2022-03-29 23:00:00,14,11.8,115,1.6
2022-03-30 01:00:00,14,12.5,43,1.6
2022-03-30 12:00:00,14,14.9,14,1.5
2022-03-30 13:00:00,14,14.8,268,1.6
2022-03-30 16:00:00,14,10.6,192,4.4
2022-03-30 18:00:00,14,9.6,223,1.7
2022-03-31 19:00:00,14,14.5,80,1.6
2022-03-31 20:00:00,14,10.3,335,1.6
2022-03-01 00:00:00,15,11.0,81,4.4
2022-03-01 02:00:00,15,9.7,303,4.5
2022-03-01 20:00:00,15,14.1,167,4.4
2022-03-03 08:00:00,15,11.9,174,4.4
2022-03-03 09:00:00,15,11.2,297,1.6
2022-03-03 10:00:00,15,14.8,287,4.4
2022-03-03 13:00:00,15,11.4,280,1.6
2022-03-03 21:00:00,15,13.9,300,1.6
2022-03-04 15:00:00,15,12.3,29,1.6
2022-03-05 05:00:00,15,11.0,339,4.5
2022-03-05 11:00:00,15,13.6,33,1.6
2022-03-05 13:00:00,15,13.9,244,4.5
2022-03-05 23:00:00,15,12.3,1,1.7
2022-03-06 01:00:00,15,14.4,144,4.5
2022-03-06 12:00:00,15,12.8,339,4.5
2022-03-06 13:00:00,15,10.1,27,4.4
2022-03-06 18:00:00,15,12.6,229,4.4
2022-03-06 23:00:00,15,11.5,95,1.5
2022-03-07 00:00:00,15,12.9,318,1.5
2022-03-07 03:00:00,15,10.4,50,4.4
2022-03-07 04:00:00,15,13.1,212,1.5
2022-03-07 15:00:00,15,13.6,267,1.6
2022-03-07 22:00:00,15,10.4,350,4.4
2022-03-08 01:00:00,15,9.8,148,1.5
2022-03-08 09:00:00,15,14.7,134,4.4
2022-03-09 06:00:00,15,10.2,180,4.5
2022-03-09 07:00:00,15,9.9,151,1.5
2022-03-10 01:00:00,15,11.9,335,1.7
2022-03-10 10:00:00,15,13.2,296,1.6
2022-03-10 17:00:00,15,11.4,49,1.5
2022-03-10 22:00:00,15,11.9,218,1.5
2022-03-11 10:00:00,15,14.4,291,1.7
2022-03-11 14:00:00,15,10.9,280,1.7
2022-03-12 07:00:00,15,12.4,343,1.5
2022-03-12 12:00:00,15,13.4,33,4.4
2022-03-13 14:00:00,15,11.4,115,4.4
2022-03-13 20:00:00,15,11.9,58,1.6
2022-03-14 04:00:00,15,12.4,338,1.6
2022-03-14 20:00:00,15,10.7,215,1.6
2022-03-14 22:00:00,15,14.9,169,1.6
2022-03-15 00:00:00,15,14.5,242,4.4
2022-03-15 07:00:00,15,11.7,273,4.5
2022-03-15 12:00:00,15,10.5,79,1.7
2022-03-15 17:00:00,15,14.9,85,1.6
2022-03-15 23:00:00,15,14.3,159,1.6
2022-03-16 00:00:00,15,10.4,206,1.7
2022-03-16 04:00:00,15,14.8,72,1.6
2022-03-16 05:00:00,15,14.7,262,1.5
2022-03-16 15:00:00,15,11.1,283,4.4
2022-03-17 00:00:00,15,9.7,250,4.4
2022-03-17 01:00:00,15,11.4,205,1.5
2022-03-17 02:00:00,15,9.4,321,4.4
2022-03-17 04:00:00,15,12.7,316,1.7
2022-03-18 03:00:00,15,11.0,267,1.7
2022-03-18 04:00:00,15,13.0,139,4.4
2022-03-18 08:00:00,15,13.4,146,4.4
2022-03-18 20:00:00,15,14.7,184,1.7
2022-03-18 22:00:00,15,12.1,137,1.7
2022-03-19 07:00:00,15,9.7,200,1.5
2022-03-20 02:00:00,15,12.9,215,1.6
2022-03-20 03:00:00,15,10.9,313,4.5
2022-03-20 14:00:00,15,12.1,27,4.5
2022-03-20 21:00:00,15,9.9,213,1.7
2022-03-20 23:00:00,15,10.0,40,1.7
2022-03-21 14:00:00,15,13.1,148,1.5
2022-03-22 11:00:00,15,12.1,117,4.4
2022-03-22 18:00:00,15,10.5,260,1.6
2022-03-22 21:00:00,15,12.3,58,4.5
2022-03-23 01:00:00,15,9.5,356,1.6
2022-03-23 06:00:00,15,10.9,132,1.7
2022-03-23 07:00:00,15,12.8,344,4.4
2022-03-23 12:00:00,15,13.9,95,4.4
2022-03-24 07:00:00,15,13.4,64,4.4
2022-03-24 20:00:00,15,14.5,226,4.4
2022-03-24 23:00:00,15,9.6,336,4.4
2022-03-25 02:00:00,15,12.8,245,1.7
2022-03-25 04:00:00,15,12.2,47,4.4
2022-03-25 08:00:00,15,13.7,44,1.6
2022-03-25 13:00:00,15,14.4,3,4.4
2022-03-25 17:00:00,15,12.5,241,4.4
2022-03-25 19:00:00,15,14.4,279,4.4
2022-03-26 02:00:00,15,10.5,32,4.5
2022-03-26 10:00:00,15,9.3,127,4.5
2022-03-26 11:00:00,15,10.6,168,1.7
2022-03-26 14:00:00,15,9.8,99,1.7
2022-03-26 20:00:00,15,12.3,34,4.4
2022-03-27 09:00:00,15,14.2,283,4.4
2022-03-27 10:00:00,15,12.7,69,1.7
2022-03-27 12:00:00,15,11.7,228,4.5
2022-03-27 18:00:00,15,10.2,289,1.7
2022-03-27 22:00:00,15,11.1,325,1.6
2022-03-28 01:00:00,15,13.6,50,1.7
2022-03-29 01:00:00,15,13.9,222,4.5
2022-03-29 02:00:00,15,14.4,287,1.6
2022-03-29 20:00:00,15,12.5,7,1.7
2022-03-30 03:00:00,15,13.2,314,1.6
2022-03-30 12:00:00,15,12.2,303,1.7
2022-03-30 21:00:00,15,10.8,197,1.5
2022-03-31 07:00:00,15,10.0,80,4.4
2022-03-31 20:00:00,15,12.0,220,1.7
2022-03-31 22:00:00,15,14.5,350,4.4
